<?xml version="1.0" encoding="UTF-8"?>
<beans xmlns="http://www.springframework.org/schema/beans"
	xmlns:xsi="http://www.w3.org/2001/XMLSchema-instance"
	xmlns:context="http://www.springframework.org/schema/context"
	xsi:schemaLocation="http://www.springframework.org/schema/beans
                           http://www.springframework.org/schema/beans/spring-beans.xsd
                           http://www.springframework.org/schema/context
                           http://www.springframework.org/schema/context/spring-context.xsd">
                           
	<bean id="vote" class="com.nit.sbeans.CheckVoterEligiblity" init-method="myInit" destroy-method="destroy">
	<property name="name" value="mahesh"></property>
	<property name="age" value="22"></property>
	<property name="add" value="hyd" ></property>
		
	</bean> 
</beans>