<?xml version="1.0" encoding="UTF-8"?>
<beans xmlns="http://www.springframework.org/schema/beans"
	xmlns:xsi="http://www.w3.org/2001/XMLSchema-instance"
	xmlns:context="http://www.springframework.org/schema/context"
	xsi:schemaLocation="http://www.springframework.org/schema/beans
                           http://www.springframework.org/schema/beans/spring-beans.xsd
                           http://www.springframework.org/schema/context
                           http://www.springframework.org/schema/context/spring-context.xsd">

	<bean id="ldt" class="java.util.Date" />
	<bean id="wmg" class="com.nit.sbeans.WishMassageGenerator" scope="singleton">
		<constructor-arg name="date" ref="ldt"></constructor-arg>
	</bean>
	<!-- <bean id="ldt" class="java.util.Date" />
	<bean id="wmg" class="com.nit.sbeans.WishMassageGenerator" scope="prototype">
		<constructor-arg name="date" ref="ldt"></constructor-arg>
	</bean> -->
</beans>