<?xml version="1.0" encoding="UTF-8"?>
<beans xmlns="http://www.springframework.org/schema/beans"
	xmlns:xsi="http://www.w3.org/2001/XMLSchema-instance"
	xmlns:context="http://www.springframework.org/schema/context"
	xsi:schemaLocation="http://www.springframework.org/schema/beans
                           http://www.springframework.org/schema/beans/spring-beans.xsd
                           http://www.springframework.org/schema/context
                           http://www.springframework.org/schema/context/spring-context.xsd">
	<bean id="drds"
		class="org.springframework.jdbc.datasource.DriverManagerDataSource">

		<property name="driverClassName"
			value="com.mysql.cj.jdbc.Driver" />
		<property name="url" value="jdbc:mysql://localhost:3306/java" />
		<property name="username" value="root" />
		<property name="password" value="root" />
	</bean>
	<!-- CustomerDao conf -->
	<bean id="custDao" class ="com.nit.dao.CustomerDaoImp">
	<constructor-arg name="dts" ref="drds"></constructor-arg>
	</bean>
	<!-- Service Class conf -->
	<bean id="service" class="com.nit.service.CustomerServiceImpl">
	<constructor-arg name="custDAo" ref="custDao"></constructor-arg>
	</bean>
	<bean id="main" class="com.nit.controller.MainCustomerController">
	<constructor-arg name="icust"  ref="service"></constructor-arg></bean>
	</beans>